round,N,kernel,q_tile,k_tile,num_warps,num_stages,ms
0,4096,v4_longest_first,64,64,4,2,1.0783
0,4096,v4_reversed,64,128,4,2,1.1416
0,4096,v4,64,64,4,2,1.0711
0,4096,v4_reversed,64,32,4,3,1.0701
0,4096,v4_reversed,64,64,4,2,1.0691
0,4096,v4,64,128,4,2,1.0776
0,4096,v4,64,32,4,3,1.0865
0,4096,v4_longest_first,64,128,4,2,1.0404
0,4096,v4_longest_first,64,32,4,3,1.0440
1,4096,v4,64,128,4,2,1.0895
1,4096,v4,64,32,4,3,1.0854
1,4096,v4_longest_first,64,128,4,2,1.0372
1,4096,v4_reversed,64,64,4,2,1.0660
1,4096,v4_reversed,64,32,4,3,1.0783
1,4096,v4_longest_first,64,64,4,2,1.0179
1,4096,v4_longest_first,64,32,4,3,1.0609
1,4096,v4_reversed,64,128,4,2,1.0793
1,4096,v4,64,64,4,2,1.0772
2,4096,v4_reversed,64,64,4,2,1.0846
2,4096,v4_longest_first,64,32,4,3,1.0460
2,4096,v4_reversed,64,32,4,3,1.0803
2,4096,v4_longest_first,64,64,4,2,1.0179
2,4096,v4_reversed,64,128,4,2,1.0732
2,4096,v4_longest_first,64,128,4,2,1.0516
2,4096,v4,64,64,4,2,1.0928
2,4096,v4,64,32,4,3,1.0906
2,4096,v4,64,128,4,2,1.0865
3,4096,v4_longest_first,64,32,4,3,1.0557
3,4096,v4_longest_first,64,128,4,2,1.0435
3,4096,v4,64,64,4,2,1.0875
3,4096,v4_reversed,64,64,4,2,1.0726
3,4096,v4,64,128,4,2,1.0813
3,4096,v4_reversed,64,128,4,2,1.0670
3,4096,v4,64,32,4,3,1.0988
3,4096,v4_reversed,64,32,4,3,1.0875
3,4096,v4_longest_first,64,64,4,2,1.0332
4,4096,v4_longest_first,64,128,4,2,1.0383
4,4096,v4,64,64,4,2,1.0860
4,4096,v4,64,32,4,3,1.0983
4,4096,v4_reversed,64,32,4,3,1.0860
4,4096,v4_longest_first,64,64,4,2,1.0209
4,4096,v4_reversed,64,128,4,2,1.0742
4,4096,v4_longest_first,64,32,4,3,1.0332
4,4096,v4,64,128,4,2,1.0936
4,4096,v4_reversed,64,64,4,2,1.0820
5,4096,v4,64,32,4,3,1.1069
5,4096,v4_reversed,64,32,4,3,1.0906
5,4096,v4,64,64,4,2,1.0880
5,4096,v4_longest_first,64,128,4,2,1.0465
5,4096,v4_reversed,64,64,4,2,1.0813
5,4096,v4,64,128,4,2,1.0854
5,4096,v4_longest_first,64,32,4,3,1.0562
5,4096,v4_reversed,64,128,4,2,1.0803
5,4096,v4_longest_first,64,64,4,2,1.0373
6,4096,v4,64,128,4,2,1.0819
6,4096,v4_longest_first,64,64,4,2,1.0271
6,4096,v4_longest_first,64,128,4,2,1.0465
6,4096,v4_reversed,64,64,4,2,1.0793
6,4096,v4,64,32,4,3,1.1039
6,4096,v4,64,64,4,2,1.0916
6,4096,v4_longest_first,64,32,4,3,1.0620
6,4096,v4_reversed,64,128,4,2,1.0772
6,4096,v4_reversed,64,32,4,3,1.0906
7,4096,v4_longest_first,64,64,4,2,1.0353
7,4096,v4_longest_first,64,32,4,3,1.0488
7,4096,v4_reversed,64,128,4,2,1.0793
7,4096,v4,64,32,4,3,1.0977
7,4096,v4,64,128,4,2,1.0818
7,4096,v4_reversed,64,32,4,3,1.0902
7,4096,v4_reversed,64,64,4,2,1.0808
7,4096,v4_longest_first,64,128,4,2,1.0435
7,4096,v4,64,64,4,2,1.0844
8,4096,v4,64,128,4,2,1.0885
8,4096,v4_reversed,64,128,4,2,1.0789
8,4096,v4_reversed,64,64,4,2,1.0805
8,4096,v4_longest_first,64,64,4,2,1.0341
8,4096,v4_longest_first,64,128,4,2,1.0424
8,4096,v4_longest_first,64,32,4,3,1.0527
8,4096,v4,64,64,4,2,1.0856
8,4096,v4_reversed,64,32,4,3,1.0854
8,4096,v4,64,32,4,3,1.1003
9,4096,v4_longest_first,64,64,4,2,1.0281
9,4096,v4,64,64,4,2,1.0926
9,4096,v4_longest_first,64,128,4,2,1.0522
9,4096,v4,64,128,4,2,1.0865
9,4096,v4,64,32,4,3,1.1100
9,4096,v4_reversed,64,128,4,2,1.0772
9,4096,v4_reversed,64,64,4,2,1.0742
9,4096,v4_longest_first,64,32,4,3,1.0557
9,4096,v4_reversed,64,32,4,3,1.0916
0,2048,v4_longest_first,64,64,4,2,0.2699
0,2048,v4_reversed,64,128,4,2,0.2980
0,2048,v4,64,64,4,2,0.2990
0,2048,v4_reversed,64,32,4,3,0.2959
0,2048,v4_reversed,64,64,4,2,0.2959
0,2048,v4,64,128,4,2,0.3021
0,2048,v4,64,32,4,3,0.2974
0,2048,v4_longest_first,64,128,4,2,0.2816
0,2048,v4_longest_first,64,32,4,3,0.2711
1,2048,v4,64,128,4,2,0.3021
1,2048,v4,64,32,4,3,0.2983
1,2048,v4_longest_first,64,128,4,2,0.2816
1,2048,v4_reversed,64,64,4,2,0.2968
1,2048,v4_reversed,64,32,4,3,0.2963
1,2048,v4_longest_first,64,64,4,2,0.2693
1,2048,v4_longest_first,64,32,4,3,0.2708
1,2048,v4_reversed,64,128,4,2,0.2990
1,2048,v4,64,64,4,2,0.2990
2,2048,v4_reversed,64,64,4,2,0.2959
2,2048,v4_longest_first,64,32,4,3,0.2714
2,2048,v4_reversed,64,32,4,3,0.2949
2,2048,v4_longest_first,64,64,4,2,0.2683
2,2048,v4_reversed,64,128,4,2,0.2984
2,2048,v4_longest_first,64,128,4,2,0.2816
2,2048,v4,64,64,4,2,0.2991
2,2048,v4,64,32,4,3,0.2980
2,2048,v4,64,128,4,2,0.3021
3,2048,v4_longest_first,64,32,4,3,0.2711
3,2048,v4_longest_first,64,128,4,2,0.2816
3,2048,v4,64,64,4,2,0.2990
3,2048,v4_reversed,64,64,4,2,0.2959
3,2048,v4,64,128,4,2,0.3011
3,2048,v4_reversed,64,128,4,2,0.2988
3,2048,v4,64,32,4,3,0.2980
3,2048,v4_reversed,64,32,4,3,0.2959
3,2048,v4_longest_first,64,64,4,2,0.2693
4,2048,v4_longest_first,64,128,4,2,0.2816
4,2048,v4,64,64,4,2,0.2990
4,2048,v4,64,32,4,3,0.2980
4,2048,v4_reversed,64,32,4,3,0.2949
4,2048,v4_longest_first,64,64,4,2,0.2685
4,2048,v4_reversed,64,128,4,2,0.2998
4,2048,v4_longest_first,64,32,4,3,0.2714
4,2048,v4,64,128,4,2,0.3011
4,2048,v4_reversed,64,64,4,2,0.2939
5,2048,v4,64,32,4,3,0.2990
5,2048,v4_reversed,64,32,4,3,0.2949
5,2048,v4,64,64,4,2,0.3002
5,2048,v4_longest_first,64,128,4,2,0.2816
5,2048,v4_reversed,64,64,4,2,0.2956
5,2048,v4,64,128,4,2,0.3011
5,2048,v4_longest_first,64,32,4,3,0.2714
5,2048,v4_reversed,64,128,4,2,0.2990
5,2048,v4_longest_first,64,64,4,2,0.2684
6,2048,v4,64,128,4,2,0.3011
6,2048,v4_longest_first,64,64,4,2,0.2693
6,2048,v4_longest_first,64,128,4,2,0.2816
6,2048,v4_reversed,64,64,4,2,0.2970
6,2048,v4,64,32,4,3,0.2989
6,2048,v4,64,64,4,2,0.2990
6,2048,v4_longest_first,64,32,4,3,0.2714
6,2048,v4_reversed,64,128,4,2,0.2981
6,2048,v4_reversed,64,32,4,3,0.2950
7,2048,v4_longest_first,64,64,4,2,0.2683
7,2048,v4_longest_first,64,32,4,3,0.2714
7,2048,v4_reversed,64,128,4,2,0.2980
7,2048,v4,64,32,4,3,0.2990
7,2048,v4,64,128,4,2,0.3031
7,2048,v4_reversed,64,32,4,3,0.2959
7,2048,v4_reversed,64,64,4,2,0.2959
7,2048,v4_longest_first,64,128,4,2,0.2816
7,2048,v4,64,64,4,2,0.2990
8,2048,v4,64,128,4,2,0.3020
8,2048,v4_reversed,64,128,4,2,0.2980
8,2048,v4_reversed,64,64,4,2,0.2959
8,2048,v4_longest_first,64,64,4,2,0.2685
8,2048,v4_longest_first,64,128,4,2,0.2816
8,2048,v4_longest_first,64,32,4,3,0.2708
8,2048,v4,64,64,4,2,0.2977
8,2048,v4_reversed,64,32,4,3,0.2955
8,2048,v4,64,32,4,3,0.2980
9,2048,v4_longest_first,64,64,4,2,0.2688
9,2048,v4,64,64,4,2,0.2990
9,2048,v4_longest_first,64,128,4,2,0.2816
9,2048,v4,64,128,4,2,0.3011
9,2048,v4,64,32,4,3,0.2984
9,2048,v4_reversed,64,128,4,2,0.2988
9,2048,v4_reversed,64,64,4,2,0.2959
9,2048,v4_longest_first,64,32,4,3,0.2714
9,2048,v4_reversed,64,32,4,3,0.2959
