round,N,causal,q_tile,k_tile,num_warps,num_stages,in_shortlist,ms
0,512,False,64,32,4,3,True,0.0461
0,512,False,128,32,8,2,False,0.0625
0,512,False,128,64,4,3,False,0.0522
0,512,False,64,32,4,4,True,0.0451
0,512,False,64,64,4,3,False,0.0481
0,512,False,64,16,4,4,False,0.0481
0,512,False,128,64,4,2,False,0.0535
0,512,False,64,128,4,2,True,0.0532
0,512,False,128,32,4,3,False,0.0532
0,512,False,64,64,2,2,False,0.0561
0,512,False,64,32,4,5,True,0.0492
0,512,False,64,32,4,2,True,0.0594
0,512,False,64,64,4,2,False,0.0532
0,512,False,64,16,4,3,False,0.0481
0,512,True,64,64,4,2,False,0.0460
0,512,True,64,32,4,5,True,0.0451
0,512,True,64,64,4,3,False,0.0451
0,512,True,64,16,4,4,False,0.0419
0,512,True,128,64,4,3,False,0.0430
0,512,True,128,64,4,2,False,0.0532
0,512,True,128,32,4,3,False,0.0410
0,512,True,64,32,4,4,True,0.0420
0,512,True,64,64,2,2,False,0.0451
0,512,True,128,32,8,2,False,0.0573
0,512,True,64,128,4,2,True,0.0461
0,512,True,64,32,4,2,True,0.0502
0,512,True,64,32,4,3,True,0.0440
0,512,True,64,16,4,3,False,0.0410
0,1024,False,128,32,4,3,False,0.1489
0,1024,False,128,64,4,3,False,0.1442
0,1024,False,128,32,8,2,False,0.1546
0,1024,False,64,128,4,2,True,0.1444
0,1024,False,64,32,4,2,True,0.1516
0,1024,False,64,32,4,4,True,0.1464
0,1024,False,64,32,4,3,True,0.1454
0,1024,False,64,16,4,4,False,0.1519
0,1024,False,64,64,4,3,False,0.1464
0,1024,False,64,32,4,5,True,0.1495
0,1024,False,64,64,2,2,False,0.1464
0,1024,False,64,64,4,2,False,0.1485
0,1024,False,64,16,4,3,False,0.1505
0,1024,False,128,64,4,2,False,0.1434
0,1024,True,64,32,4,4,True,0.0932
0,1024,True,128,32,8,2,False,0.1249
0,1024,True,64,16,4,4,False,0.0993
0,1024,True,64,64,2,2,False,0.1065
0,1024,True,64,32,4,2,True,0.0984
0,1024,True,64,128,4,2,True,0.0952
0,1024,True,64,64,4,2,False,0.0952
0,1024,True,64,64,4,3,False,0.0901
0,1024,True,128,32,4,3,False,0.1075
0,1024,True,64,32,4,5,True,0.0932
0,1024,True,128,64,4,3,False,0.1058
0,1024,True,128,64,4,2,False,0.1116
0,1024,True,64,16,4,3,False,0.1012
0,1024,True,64,32,4,3,True,0.0938
0,2048,False,64,16,4,4,False,0.5356
0,2048,False,128,32,4,3,False,0.5571
0,2048,False,128,64,4,2,False,0.5304
0,2048,False,128,64,4,3,False,0.5356
0,2048,False,64,128,4,2,True,0.5070
0,2048,False,64,16,4,3,False,0.5294
0,2048,False,64,32,4,2,True,0.5345
0,2048,False,64,32,4,3,True,0.5182
0,2048,False,64,32,4,5,True,0.5335
0,2048,False,128,32,8,2,False,0.5468
0,2048,False,64,64,2,2,False,0.5312
0,2048,False,64,64,4,3,False,0.5253
0,2048,False,64,64,4,2,False,0.5274
0,2048,False,64,32,4,4,True,0.5233
0,2048,True,64,64,4,2,False,0.2980
0,2048,True,64,32,4,2,True,0.3041
0,2048,True,128,32,8,2,False,0.3615
0,2048,True,64,32,4,3,True,0.2970
0,2048,True,64,32,4,5,True,0.3011
0,2048,True,64,16,4,3,False,0.3103
0,2048,True,128,64,4,2,False,0.3195
0,2048,True,128,64,4,3,False,0.3154
0,2048,True,64,64,2,2,False,0.3174
0,2048,True,64,128,4,2,True,0.3000
0,2048,True,128,32,4,3,False,0.3287
0,2048,True,64,16,4,4,False,0.3072
0,2048,True,64,32,4,4,True,0.2949
0,2048,True,64,64,4,3,False,0.2939
0,4096,False,64,64,4,2,False,2.0531
0,4096,False,128,32,8,2,False,2.0496
0,4096,False,64,32,4,4,True,2.0613
0,4096,False,64,32,4,2,True,2.0787
0,4096,False,64,16,4,3,False,2.0634
0,4096,False,128,64,4,2,False,1.9886
0,4096,False,64,64,4,3,False,2.0470
0,4096,False,64,32,4,3,True,2.0419
0,4096,False,64,64,2,2,False,2.0070
0,4096,False,64,32,4,5,True,2.1094
0,4096,False,64,128,4,2,True,1.9651
0,4096,False,128,64,4,3,False,2.0081
0,4096,False,64,16,4,4,False,2.1299
0,4096,False,128,32,4,3,False,2.1033
0,4096,True,64,32,4,4,True,1.0824
0,4096,True,64,32,4,2,True,1.0998
0,4096,True,64,16,4,3,False,1.1249
0,4096,True,64,32,4,5,True,1.1028
0,4096,True,128,32,8,2,False,1.2146
0,4096,True,64,64,2,2,False,1.1038
0,4096,True,128,32,4,3,False,1.1453
0,4096,True,64,16,4,4,False,1.1221
0,4096,True,64,128,4,2,True,1.0854
0,4096,True,128,64,4,2,False,1.1008
0,4096,True,64,64,4,3,False,1.0803
0,4096,True,128,64,4,3,False,1.0993
0,4096,True,64,64,4,2,False,1.0788
0,4096,True,64,32,4,3,True,1.0987
1,512,False,64,32,4,5,True,0.0471
1,512,False,64,64,2,2,False,0.0563
1,512,False,128,32,4,3,False,0.0532
1,512,False,64,16,4,4,False,0.0488
1,512,False,64,32,4,4,True,0.0451
1,512,False,64,16,4,3,False,0.0481
1,512,False,64,64,4,3,False,0.0461
1,512,False,128,32,8,2,False,0.0625
1,512,False,128,64,4,3,False,0.0522
1,512,False,128,64,4,2,False,0.0515
1,512,False,64,32,4,3,True,0.0461
1,512,False,64,32,4,2,True,0.0583
1,512,False,64,128,4,2,True,0.0502
1,512,False,64,64,4,2,False,0.0539
1,512,True,128,64,4,3,False,0.0440
1,512,True,64,64,4,2,False,0.0410
1,512,True,128,32,4,3,False,0.0410
1,512,True,64,16,4,3,False,0.0401
1,512,True,64,128,4,2,True,0.0420
1,512,True,64,64,2,2,False,0.0420
1,512,True,128,64,4,2,False,0.0539
1,512,True,64,32,4,2,True,0.0461
1,512,True,64,32,4,5,True,0.0399
1,512,True,64,32,4,3,True,0.0396
1,512,True,64,16,4,4,False,0.0389
1,512,True,64,32,4,4,True,0.0389
1,512,True,128,32,8,2,False,0.0573
1,512,True,64,64,4,3,False,0.0399
1,1024,False,64,16,4,3,False,0.1505
1,1024,False,64,64,4,3,False,0.1464
1,1024,False,128,32,4,3,False,0.1495
1,1024,False,64,16,4,4,False,0.1526
1,1024,False,128,64,4,2,False,0.1434
1,1024,False,64,32,4,5,True,0.1495
1,1024,False,128,64,4,3,False,0.1444
1,1024,False,64,64,2,2,False,0.1475
1,1024,False,64,32,4,3,True,0.1454
1,1024,False,64,32,4,4,True,0.1464
1,1024,False,64,128,4,2,True,0.1444
1,1024,False,128,32,8,2,False,0.1546
1,1024,False,64,32,4,2,True,0.1516
1,1024,False,64,64,4,2,False,0.1488
1,1024,True,64,64,2,2,False,0.1055
1,1024,True,64,32,4,5,True,0.0932
1,1024,True,128,32,8,2,False,0.1280
1,1024,True,128,64,4,2,False,0.1116
1,1024,True,64,32,4,4,True,0.0911
1,1024,True,64,32,4,3,True,0.0922
1,1024,True,64,128,4,2,True,0.0963
1,1024,True,64,16,4,3,False,0.1014
1,1024,True,128,64,4,3,False,0.1065
1,1024,True,64,32,4,2,True,0.1004
1,1024,True,64,64,4,2,False,0.0952
1,1024,True,128,32,4,3,False,0.1085
1,1024,True,64,16,4,4,False,0.0983
1,1024,True,64,64,4,3,False,0.0911
1,2048,False,128,64,4,2,False,0.5294
1,2048,False,64,64,4,2,False,0.5274
1,2048,False,64,16,4,3,False,0.5304
1,2048,False,64,128,4,2,True,0.5076
1,2048,False,64,32,4,4,True,0.5243
1,2048,False,64,16,4,4,False,0.5386
1,2048,False,64,32,4,5,True,0.5339
1,2048,False,128,32,4,3,False,0.5571
1,2048,False,64,64,4,3,False,0.5253
1,2048,False,128,64,4,3,False,0.5356
1,2048,False,64,64,2,2,False,0.5304
1,2048,False,64,32,4,3,True,0.5192
1,2048,False,128,32,8,2,False,0.5459
1,2048,False,64,32,4,2,True,0.5348
1,2048,True,64,32,4,2,True,0.3027
1,2048,True,128,32,8,2,False,0.3584
1,2048,True,64,16,4,3,False,0.3092
1,2048,True,128,64,4,3,False,0.3174
1,2048,True,64,16,4,4,False,0.3083
1,2048,True,64,64,2,2,False,0.3185
1,2048,True,64,32,4,4,True,0.2959
1,2048,True,64,128,4,2,True,0.3000
1,2048,True,64,32,4,3,True,0.2970
1,2048,True,64,32,4,5,True,0.3017
1,2048,True,128,64,4,2,False,0.3197
1,2048,True,128,32,4,3,False,0.3287
1,2048,True,64,64,4,3,False,0.2939
1,2048,True,64,64,4,2,False,0.2980
1,4096,False,64,128,4,2,True,1.9671
1,4096,False,64,16,4,3,False,2.0828
1,4096,False,64,32,4,3,True,2.0511
1,4096,False,128,64,4,3,False,2.0050
1,4096,False,64,16,4,4,False,2.1280
1,4096,False,128,32,8,2,False,2.0521
1,4096,False,64,32,4,4,True,2.0941
1,4096,False,64,32,4,2,True,2.0920
1,4096,False,128,32,4,3,False,2.1043
1,4096,False,64,32,4,5,True,2.0985
1,4096,False,128,64,4,2,False,1.9978
1,4096,False,64,64,2,2,False,2.0028
1,4096,False,64,64,4,2,False,2.0566
1,4096,False,64,64,4,3,False,2.0921
1,4096,True,64,32,4,3,True,1.0988
1,4096,True,128,64,4,2,False,1.1049
1,4096,True,128,32,4,3,False,1.1489
1,4096,True,64,32,4,4,True,1.0860
1,4096,True,128,64,4,3,False,1.1059
1,4096,True,64,16,4,4,False,1.1172
1,4096,True,128,32,8,2,False,1.2175
1,4096,True,64,64,2,2,False,1.1080
1,4096,True,64,128,4,2,True,1.0867
1,4096,True,64,16,4,3,False,1.1197
1,4096,True,64,64,4,3,False,1.0865
1,4096,True,64,32,4,2,True,1.1059
1,4096,True,64,32,4,5,True,1.1080
1,4096,True,64,64,4,2,False,1.0839
2,512,False,64,64,4,3,False,0.0481
2,512,False,64,64,2,2,False,0.0563
2,512,False,64,32,4,2,True,0.0594
2,512,False,64,32,4,3,True,0.0461
2,512,False,64,128,4,2,True,0.0532
2,512,False,128,32,4,3,False,0.0532
2,512,False,128,64,4,2,False,0.0532
2,512,False,64,16,4,3,False,0.0481
2,512,False,64,32,4,4,True,0.0451
2,512,False,64,64,4,2,False,0.0540
2,512,False,64,32,4,5,True,0.0483
2,512,False,64,16,4,4,False,0.0481
2,512,False,128,64,4,3,False,0.0522
2,512,False,128,32,8,2,False,0.0625
2,512,True,128,64,4,2,False,0.0532
2,512,True,128,64,4,3,False,0.0434
2,512,True,64,32,4,2,True,0.0502
2,512,True,128,32,8,2,False,0.0573
2,512,True,64,64,4,3,False,0.0451
2,512,True,128,32,4,3,False,0.0410
2,512,True,64,16,4,3,False,0.0410
2,512,True,64,16,4,4,False,0.0420
2,512,True,64,128,4,2,True,0.0467
2,512,True,64,64,4,2,False,0.0451
2,512,True,64,32,4,4,True,0.0410
2,512,True,64,64,2,2,False,0.0451
2,512,True,64,32,4,3,True,0.0440
2,512,True,64,32,4,5,True,0.0451
2,1024,False,64,64,2,2,False,0.1464
2,1024,False,128,64,4,2,False,0.1434
2,1024,False,128,64,4,3,False,0.1444
2,1024,False,64,16,4,3,False,0.1505
2,1024,False,128,32,8,2,False,0.1546
2,1024,False,64,64,4,3,False,0.1464
2,1024,False,64,32,4,5,True,0.1496
2,1024,False,64,128,4,2,True,0.1444
2,1024,False,64,32,4,3,True,0.1464
2,1024,False,64,64,4,2,False,0.1485
2,1024,False,64,32,4,4,True,0.1466
2,1024,False,64,16,4,4,False,0.1526
2,1024,False,128,32,4,3,False,0.1495
2,1024,False,64,32,4,2,True,0.1516
2,1024,True,128,32,4,3,False,0.1096
2,1024,True,64,16,4,4,False,0.0993
2,1024,True,128,64,4,3,False,0.1065
2,1024,True,128,32,8,2,False,0.1280
2,1024,True,64,32,4,2,True,0.1004
2,1024,True,64,32,4,5,True,0.0942
2,1024,True,64,128,4,2,True,0.0963
2,1024,True,64,64,2,2,False,0.1065
2,1024,True,64,64,4,2,False,0.0963
2,1024,True,128,64,4,2,False,0.1113
2,1024,True,64,32,4,3,True,0.0952
2,1024,True,64,32,4,4,True,0.0932
2,1024,True,64,64,4,3,False,0.0922
2,1024,True,64,16,4,3,False,0.1004
2,2048,False,64,32,4,3,True,0.5181
2,2048,False,64,16,4,4,False,0.5377
2,2048,False,128,64,4,2,False,0.5304
2,2048,False,64,64,2,2,False,0.5304
2,2048,False,64,32,4,5,True,0.5345
2,2048,False,64,32,4,2,True,0.5341
2,2048,False,64,32,4,4,True,0.5253
2,2048,False,128,32,4,3,False,0.5600
2,2048,False,64,16,4,3,False,0.5324
2,2048,False,128,32,8,2,False,0.5486
2,2048,False,64,64,4,3,False,0.5274
2,2048,False,128,64,4,3,False,0.5376
2,2048,False,64,64,4,2,False,0.5294
2,2048,False,64,128,4,2,True,0.5092
2,2048,True,64,32,4,5,True,0.3029
2,2048,True,64,16,4,3,False,0.3103
2,2048,True,64,128,4,2,True,0.3004
2,2048,True,64,32,4,4,True,0.2949
2,2048,True,64,64,2,2,False,0.3178
2,2048,True,128,32,8,2,False,0.3635
2,2048,True,64,64,4,3,False,0.2949
2,2048,True,64,32,4,2,True,0.3027
2,2048,True,128,64,4,3,False,0.3154
2,2048,True,64,16,4,4,False,0.3092
2,2048,True,64,32,4,3,True,0.2959
2,2048,True,128,64,4,2,False,0.3205
2,2048,True,64,64,4,2,False,0.2980
2,2048,True,128,32,4,3,False,0.3277
2,4096,False,128,32,4,3,False,2.0849
2,4096,False,64,32,4,5,True,2.1268
2,4096,False,128,64,4,3,False,2.0045
2,4096,False,128,64,4,2,False,1.9814
2,4096,False,128,32,8,2,False,2.0408
2,4096,False,64,16,4,3,False,2.0818
2,4096,False,64,64,2,2,False,2.0111
2,4096,False,64,32,4,3,True,2.0644
2,4096,False,64,32,4,4,True,2.0552
2,4096,False,64,64,4,2,False,2.0603
2,4096,False,64,16,4,4,False,2.1658
2,4096,False,64,32,4,2,True,2.1135
2,4096,False,64,128,4,2,True,1.9844
2,4096,False,64,64,4,3,False,2.0572
2,4096,True,64,64,4,3,False,1.0788
2,4096,True,64,32,4,3,True,1.0998
2,4096,True,64,16,4,3,False,1.1377
2,4096,True,64,128,4,2,True,1.0885
2,4096,True,128,32,4,3,False,1.1448
2,4096,True,64,32,4,4,True,1.0813
2,4096,True,128,64,4,2,False,1.0982
2,4096,True,128,64,4,3,False,1.1008
2,4096,True,64,64,2,2,False,1.1110
2,4096,True,64,16,4,4,False,1.1264
2,4096,True,64,64,4,2,False,1.0865
2,4096,True,64,32,4,2,True,1.1064
2,4096,True,64,32,4,5,True,1.1086
2,4096,True,128,32,8,2,False,1.2145
3,512,False,128,64,4,2,False,0.0512
3,512,False,64,16,4,4,False,0.0481
3,512,False,64,32,4,5,True,0.0471
3,512,False,128,32,4,3,False,0.0532
3,512,False,64,64,4,2,False,0.0543
3,512,False,128,64,4,3,False,0.0522
3,512,False,64,32,4,3,True,0.0457
3,512,False,64,32,4,4,True,0.0451
3,512,False,64,32,4,2,True,0.0594
3,512,False,64,16,4,3,False,0.0480
3,512,False,64,128,4,2,True,0.0512
3,512,False,128,32,8,2,False,0.0614
3,512,False,64,64,4,3,False,0.0461
3,512,False,64,64,2,2,False,0.0563
3,512,True,64,64,2,2,False,0.0427
3,512,True,128,32,4,3,False,0.0410
3,512,True,64,64,4,3,False,0.0399
3,512,True,64,32,4,2,True,0.0461
3,512,True,128,64,4,3,False,0.0444
3,512,True,64,16,4,3,False,0.0400
3,512,True,64,32,4,5,True,0.0399
3,512,True,64,64,4,2,False,0.0410
3,512,True,64,32,4,3,True,0.0393
3,512,True,64,32,4,4,True,0.0379
3,512,True,128,64,4,2,False,0.0532
3,512,True,64,16,4,4,False,0.0389
3,512,True,128,32,8,2,False,0.0573
3,512,True,64,128,4,2,True,0.0410
3,1024,False,64,32,4,2,True,0.1516
3,1024,False,64,64,4,3,False,0.1464
3,1024,False,128,64,4,2,False,0.1434
3,1024,False,128,64,4,3,False,0.1441
3,1024,False,64,128,4,2,True,0.1444
3,1024,False,128,32,4,3,False,0.1495
3,1024,False,64,32,4,3,True,0.1462
3,1024,False,64,64,4,2,False,0.1495
3,1024,False,64,16,4,4,False,0.1526
3,1024,False,64,32,4,4,True,0.1473
3,1024,False,64,64,2,2,False,0.1485
3,1024,False,64,16,4,3,False,0.1505
3,1024,False,128,32,8,2,False,0.1546
3,1024,False,64,32,4,5,True,0.1497
3,1024,True,64,64,2,2,False,0.1058
3,1024,True,128,32,8,2,False,0.1280
3,1024,True,128,64,4,2,False,0.1116
3,1024,True,64,16,4,3,False,0.1015
3,1024,True,64,16,4,4,False,0.0983
3,1024,True,128,64,4,3,False,0.1061
3,1024,True,64,32,4,5,True,0.0932
3,1024,True,64,32,4,3,True,0.0922
3,1024,True,128,32,4,3,False,0.1085
3,1024,True,64,64,4,3,False,0.0911
3,1024,True,64,64,4,2,False,0.0961
3,1024,True,64,128,4,2,True,0.0963
3,1024,True,64,32,4,4,True,0.0911
3,1024,True,64,32,4,2,True,0.1004
3,2048,False,64,32,4,3,True,0.5211
3,2048,False,128,32,4,3,False,0.5571
3,2048,False,128,32,8,2,False,0.5460
3,2048,False,64,32,4,2,True,0.5345
3,2048,False,64,64,4,3,False,0.5253
3,2048,False,64,64,2,2,False,0.5296
3,2048,False,128,64,4,3,False,0.5356
3,2048,False,64,16,4,4,False,0.5386
3,2048,False,64,64,4,2,False,0.5281
3,2048,False,64,32,4,4,True,0.5253
3,2048,False,128,64,4,2,False,0.5321
3,2048,False,64,16,4,3,False,0.5304
3,2048,False,64,128,4,2,True,0.5089
3,2048,False,64,32,4,5,True,0.5366
3,2048,True,64,64,4,3,False,0.2949
3,2048,True,128,64,4,2,False,0.3215
3,2048,True,128,32,8,2,False,0.3594
3,2048,True,64,32,4,5,True,0.3021
3,2048,True,64,64,4,2,False,0.2980
3,2048,True,128,32,4,3,False,0.3308
3,2048,True,128,64,4,3,False,0.3164
3,2048,True,64,128,4,2,True,0.3020
3,2048,True,64,16,4,4,False,0.3082
3,2048,True,64,32,4,2,True,0.3048
3,2048,True,64,32,4,3,True,0.2976
3,2048,True,64,64,2,2,False,0.3185
3,2048,True,64,32,4,4,True,0.2959
3,2048,True,64,16,4,3,False,0.3113
3,4096,False,128,32,8,2,False,2.0500
3,4096,False,64,16,4,4,False,2.1115
3,4096,False,64,128,4,2,True,1.9784
3,4096,False,64,64,4,3,False,2.0686
3,4096,False,64,16,4,3,False,2.0821
3,4096,False,64,32,4,4,True,2.0741
3,4096,False,64,64,2,2,False,2.0147
3,4096,False,128,64,4,3,False,2.0111
3,4096,False,64,32,4,3,True,2.0409
3,4096,False,128,64,4,2,False,1.9906
3,4096,False,64,32,4,2,True,2.0984
3,4096,False,64,64,4,2,False,2.0582
3,4096,False,128,32,4,3,False,2.0884
3,4096,False,64,32,4,5,True,2.0982
3,4096,True,64,16,4,3,False,1.1192
3,4096,True,64,128,4,2,True,1.0895
3,4096,True,64,64,4,3,False,1.0917
3,4096,True,64,32,4,4,True,1.0885
3,4096,True,64,64,2,2,False,1.1091
3,4096,True,128,64,4,2,False,1.0947
3,4096,True,64,32,4,2,True,1.1036
3,4096,True,64,32,4,5,True,1.1069
3,4096,True,64,64,4,2,False,1.0824
3,4096,True,128,32,8,2,False,1.2131
3,4096,True,128,32,4,3,False,1.1513
3,4096,True,128,64,4,3,False,1.0947
3,4096,True,64,32,4,3,True,1.0936
3,4096,True,64,16,4,4,False,1.1266
4,512,False,128,32,4,3,False,0.0532
4,512,False,64,64,4,3,False,0.0481
4,512,False,64,32,4,3,True,0.0461
4,512,False,64,64,4,2,False,0.0532
4,512,False,64,64,2,2,False,0.0555
4,512,False,64,32,4,5,True,0.0483
4,512,False,64,16,4,3,False,0.0481
4,512,False,64,128,4,2,True,0.0532
4,512,False,64,16,4,4,False,0.0481
4,512,False,64,32,4,2,True,0.0594
4,512,False,128,32,8,2,False,0.0625
4,512,False,128,64,4,3,False,0.0522
4,512,False,64,32,4,4,True,0.0451
4,512,False,128,64,4,2,False,0.0532
4,512,True,64,64,4,2,False,0.0451
4,512,True,64,128,4,2,True,0.0461
4,512,True,128,32,4,3,False,0.0410
4,512,True,64,16,4,4,False,0.0420
4,512,True,64,32,4,3,True,0.0440
4,512,True,64,32,4,5,True,0.0443
4,512,True,64,16,4,3,False,0.0410
4,512,True,128,32,8,2,False,0.0573
4,512,True,128,64,4,3,False,0.0430
4,512,True,64,64,2,2,False,0.0440
4,512,True,64,64,4,3,False,0.0448
4,512,True,64,32,4,4,True,0.0420
4,512,True,64,32,4,2,True,0.0498
4,512,True,128,64,4,2,False,0.0526
4,1024,False,64,64,4,3,False,0.1464
4,1024,False,64,128,4,2,True,0.1444
4,1024,False,64,32,4,5,True,0.1496
4,1024,False,128,32,8,2,False,0.1546
4,1024,False,128,64,4,3,False,0.1444
4,1024,False,128,32,4,3,False,0.1495
4,1024,False,64,32,4,3,True,0.1464
4,1024,False,64,32,4,2,True,0.1516
4,1024,False,64,32,4,4,True,0.1472
4,1024,False,64,16,4,3,False,0.1505
4,1024,False,64,16,4,4,False,0.1526
4,1024,False,128,64,4,2,False,0.1434
4,1024,False,64,64,2,2,False,0.1472
4,1024,False,64,64,4,2,False,0.1492
4,1024,True,128,32,4,3,False,0.1085
4,1024,True,64,32,4,2,True,0.1004
4,1024,True,128,64,4,2,False,0.1106
4,1024,True,128,32,8,2,False,0.1280
4,1024,True,64,128,4,2,True,0.0972
4,1024,True,64,64,2,2,False,0.1075
4,1024,True,64,32,4,4,True,0.0932
4,1024,True,64,64,4,3,False,0.0932
4,1024,True,128,64,4,3,False,0.1065
4,1024,True,64,16,4,3,False,0.1001
4,1024,True,64,32,4,3,True,0.0944
4,1024,True,64,64,4,2,False,0.0952
4,1024,True,64,16,4,4,False,0.0990
4,1024,True,64,32,4,5,True,0.0952
4,2048,False,64,16,4,3,False,0.5300
4,2048,False,64,32,4,3,True,0.5202
4,2048,False,64,32,4,2,True,0.5356
4,2048,False,64,32,4,5,True,0.5366
4,2048,False,64,64,4,2,False,0.5294
4,2048,False,128,64,4,2,False,0.5325
4,2048,False,128,32,8,2,False,0.5489
4,2048,False,64,128,4,2,True,0.5089
4,2048,False,128,32,4,3,False,0.5601
4,2048,False,64,64,2,2,False,0.5325
4,2048,False,64,64,4,3,False,0.5274
4,2048,False,64,16,4,4,False,0.5396
4,2048,False,64,32,4,4,True,0.5253
4,2048,False,128,64,4,3,False,0.5376
4,2048,True,128,32,4,3,False,0.3297
4,2048,True,64,16,4,4,False,0.3092
4,2048,True,128,64,4,3,False,0.3174
4,2048,True,64,128,4,2,True,0.3011
4,2048,True,64,64,4,2,False,0.2987
4,2048,True,64,32,4,3,True,0.2980
4,2048,True,64,64,2,2,False,0.3186
4,2048,True,64,16,4,3,False,0.3113
4,2048,True,128,32,8,2,False,0.3645
4,2048,True,128,64,4,2,False,0.3205
4,2048,True,64,32,4,4,True,0.2952
4,2048,True,64,32,4,5,True,0.3021
4,2048,True,64,64,4,3,False,0.2949
4,2048,True,64,32,4,2,True,0.3042
4,4096,False,64,64,2,2,False,1.9876
4,4096,False,64,32,4,5,True,2.0797
4,4096,False,64,64,4,3,False,2.0584
4,4096,False,64,32,4,4,True,2.0726
4,4096,False,64,16,4,4,False,2.1252
4,4096,False,128,64,4,2,False,1.9896
4,4096,False,128,64,4,3,False,2.0204
4,4096,False,128,32,4,3,False,2.0883
4,4096,False,64,64,4,2,False,2.0572
4,4096,False,128,32,8,2,False,2.0492
4,4096,False,64,32,4,3,True,2.0550
4,4096,False,64,16,4,3,False,2.1053
4,4096,False,64,128,4,2,True,1.9743
4,4096,False,64,32,4,2,True,2.1146
4,4096,True,64,16,4,4,False,1.1515
4,4096,True,64,32,4,3,True,1.0977
4,4096,True,128,64,4,2,False,1.0968
4,4096,True,128,64,4,3,False,1.1038
4,4096,True,128,32,4,3,False,1.1489
4,4096,True,64,64,4,3,False,1.0854
4,4096,True,64,32,4,4,True,1.0721
4,4096,True,128,32,8,2,False,1.2155
4,4096,True,64,128,4,2,True,1.0807
4,4096,True,64,64,2,2,False,1.1059
4,4096,True,64,32,4,2,True,1.1033
4,4096,True,64,64,4,2,False,1.0844
4,4096,True,64,32,4,5,True,1.1108
4,4096,True,64,16,4,3,False,1.1233
