round,N,causal,q_tile,k_tile,num_warps,num_stages,ms
0,4096,True,64,32,4,4,2.2620
0,512,False,64,32,4,4,0.0458
0,512,False,64,32,4,3,0.0469
0,4096,False,64,32,4,4,2.1248
0,512,False,64,32,4,2,0.0614
0,4096,True,64,32,4,2,2.1238
0,4096,True,64,16,4,5,2.1801
0,4096,False,64,16,4,5,2.1780
0,4096,False,64,32,4,3,2.1402
0,4096,True,64,32,4,3,2.1688
0,512,False,64,16,4,5,0.0481
0,4096,False,64,32,4,2,2.1618
1,4096,False,64,16,4,5,2.2057
1,4096,False,64,32,4,2,2.1709
1,4096,True,64,32,4,4,2.1965
1,4096,False,64,32,4,3,2.1238
1,4096,True,64,32,4,2,2.1550
1,4096,True,64,16,4,5,2.1688
1,4096,False,64,32,4,4,2.1492
1,512,False,64,16,4,5,0.0481
1,512,False,64,32,4,2,0.0614
1,512,False,64,32,4,4,0.0453
1,4096,True,64,32,4,3,2.1687
1,512,False,64,32,4,3,0.0465
2,512,False,64,32,4,4,0.0451
2,512,False,64,32,4,3,0.0470
2,4096,False,64,32,4,3,2.1310
2,4096,True,64,32,4,2,2.1688
2,512,False,64,16,4,5,0.0481
2,4096,False,64,32,4,4,2.1381
2,512,False,64,32,4,2,0.0614
2,4096,True,64,32,4,4,2.1740
2,4096,True,64,16,4,5,2.1944
2,4096,True,64,32,4,3,2.1651
2,4096,False,64,32,4,2,2.1842
2,4096,False,64,16,4,5,2.2026
3,512,False,64,32,4,3,0.0471
3,4096,True,64,32,4,4,2.1768
3,4096,False,64,32,4,2,2.3349
3,512,False,64,32,4,4,0.0452
3,512,False,64,32,4,2,0.0614
3,4096,False,64,16,4,5,2.3347
3,512,False,64,16,4,5,0.0481
3,4096,False,64,32,4,4,2.1463
3,4096,False,64,32,4,3,2.1639
3,4096,True,64,16,4,5,2.1862
3,4096,True,64,32,4,3,2.1729
3,4096,True,64,32,4,2,2.1591
4,4096,True,64,32,4,2,2.1463
4,4096,False,64,32,4,2,2.1852
4,4096,False,64,32,4,3,2.1253
4,4096,True,64,32,4,3,2.1779
4,4096,False,64,16,4,5,2.1955
4,512,False,64,32,4,3,0.0471
4,4096,True,64,16,4,5,2.3122
4,4096,False,64,32,4,4,2.1740
4,512,False,64,16,4,5,0.0481
4,4096,True,64,32,4,4,2.1853
4,512,False,64,32,4,2,0.0614
4,512,False,64,32,4,4,0.0458
5,512,False,64,32,4,2,0.0614
5,4096,False,64,32,4,3,2.1197
5,512,False,64,32,4,4,0.0460
5,4096,False,64,32,4,4,2.1402
5,4096,False,64,32,4,2,2.1914
5,4096,True,64,32,4,3,2.1678
5,4096,True,64,16,4,5,2.1688
5,4096,True,64,32,4,2,2.1581
5,512,False,64,16,4,5,0.0483
5,512,False,64,32,4,3,0.0463
5,4096,False,64,16,4,5,2.1801
5,4096,True,64,32,4,4,2.2013
6,4096,True,64,16,4,5,2.1700
6,4096,True,64,32,4,3,2.1699
6,512,False,64,32,4,4,0.0461
6,4096,False,64,32,4,4,2.1420
6,512,False,64,16,4,5,0.0481
6,4096,False,64,16,4,5,2.1811
6,4096,True,64,32,4,4,2.2129
6,512,False,64,32,4,2,0.0614
6,4096,False,64,32,4,2,2.1717
6,4096,True,64,32,4,2,2.1606
6,4096,False,64,32,4,3,2.1268
6,512,False,64,32,4,3,0.0471
7,512,False,64,32,4,2,0.0614
7,512,False,64,32,4,3,0.0471
7,4096,False,64,32,4,4,2.1883
7,4096,False,64,32,4,3,2.1425
7,4096,False,64,32,4,2,2.1729
7,512,False,64,16,4,5,0.0481
7,4096,True,64,32,4,2,2.1463
7,4096,True,64,32,4,3,2.1809
7,4096,True,64,16,4,5,2.1719
7,4096,True,64,32,4,4,2.1964
7,512,False,64,32,4,4,0.0453
7,4096,False,64,16,4,5,2.1924
8,4096,True,64,32,4,3,2.1811
8,4096,True,64,16,4,5,2.1934
8,4096,False,64,32,4,2,2.1750
8,512,False,64,32,4,3,0.0465
8,4096,True,64,32,4,4,2.1862
8,512,False,64,32,4,2,0.0614
8,512,False,64,32,4,4,0.0452
8,4096,False,64,16,4,5,2.1806
8,4096,False,64,32,4,4,2.1709
8,4096,True,64,32,4,2,2.1555
8,512,False,64,16,4,5,0.0483
8,4096,False,64,32,4,3,2.1237
9,4096,False,64,32,4,4,2.1633
9,512,False,64,32,4,4,0.0453
9,512,False,64,32,4,3,0.0469
9,4096,False,64,32,4,3,2.1268
9,4096,True,64,32,4,3,2.1709
9,512,False,64,16,4,5,0.0481
9,4096,True,64,16,4,5,2.1581
9,4096,False,64,32,4,2,2.1955
9,4096,True,64,32,4,4,2.1965
9,512,False,64,32,4,2,0.0614
9,4096,True,64,32,4,2,2.1463
9,4096,False,64,16,4,5,2.2180
