round,kernel,q_tile,k_tile,num_warps,num_stages,causal,ms,tflops
0,v4_no_rescale,64,32,4,2,False,2.1371,64.31
0,v4,64,32,4,3,False,2.1156,64.97
0,v4_no_rescale,64,64,4,3,True,1.0677,64.36
0,v4,64,64,4,2,True,1.0684,64.32
0,v4,64,64,4,2,False,2.0306,67.68
0,v4,64,128,4,3,True,1.1520,59.65
0,v4_no_rescale,64,128,4,3,False,2.0672,66.48
0,v4_no_rescale,64,128,4,2,True,1.0573,65.00
0,v4,64,128,4,3,False,2.1187,64.87
0,v4,64,64,4,3,False,2.0315,67.66
0,v4,64,32,4,2,False,2.0664,66.51
0,v4_no_rescale,64,128,4,2,False,2.0116,68.32
0,v4,64,32,4,2,True,1.0926,62.89
0,v4_no_rescale,64,64,4,2,True,1.0767,63.82
0,v4,64,64,4,3,True,1.0661,64.46
0,v4_no_rescale,64,64,4,2,False,2.0081,68.44
0,v4,64,128,4,2,True,1.0762,63.85
0,v4_no_rescale,64,128,4,3,True,1.1510,59.71
0,v4_no_rescale,64,32,4,2,True,1.0920,62.93
0,v4_no_rescale,64,64,4,3,False,2.0014,68.67
0,v4,64,128,4,2,False,1.9538,70.34
0,v4,64,32,4,3,True,1.0901,63.04
0,v4_no_rescale,64,32,4,3,True,1.0762,63.85
0,v4_no_rescale,64,32,4,3,False,2.0111,68.34
1,v4,64,128,4,2,False,1.9553,70.29
1,v4_no_rescale,64,128,4,2,False,2.0460,67.18
1,v4_no_rescale,64,32,4,3,False,2.0091,68.41
1,v4_no_rescale,64,128,4,3,True,1.1551,59.49
1,v4,64,32,4,3,True,1.0940,62.81
1,v4_no_rescale,64,64,4,2,True,1.0834,63.43
1,v4,64,128,4,3,True,1.1561,59.44
1,v4,64,32,4,2,False,2.0992,65.47
1,v4,64,64,4,3,False,2.0716,66.35
1,v4_no_rescale,64,128,4,3,False,2.0756,66.21
1,v4_no_rescale,64,32,4,2,False,2.0316,67.65
1,v4_no_rescale,64,128,4,2,True,1.0609,64.78
1,v4,64,32,4,3,False,2.2292,61.65
1,v4_no_rescale,64,64,4,3,False,2.1929,62.67
1,v4,64,128,4,2,True,1.0819,63.52
1,v4,64,32,4,2,True,1.0928,62.88
1,v4_no_rescale,64,32,4,3,True,1.0752,63.91
1,v4,64,64,4,3,True,1.0778,63.76
1,v4_no_rescale,64,64,4,2,False,2.0132,68.27
1,v4,64,64,4,2,True,1.0762,63.85
1,v4,64,128,4,3,False,2.1304,64.51
1,v4_no_rescale,64,64,4,3,True,1.0708,64.17
1,v4_no_rescale,64,32,4,2,True,1.0926,62.89
1,v4,64,64,4,2,False,2.0623,66.64
2,v4,64,32,4,2,True,1.0988,62.54
2,v4,64,32,4,2,False,2.0777,66.15
2,v4,64,128,4,2,False,1.9855,69.22
2,v4,64,32,4,3,False,2.0695,66.41
2,v4,64,128,4,2,True,1.0911,62.98
2,v4_no_rescale,64,128,4,3,True,1.1551,59.49
2,v4,64,32,4,3,True,1.0957,62.72
2,v4,64,64,4,2,True,1.0817,63.53
2,v4,64,64,4,3,True,1.0677,64.36
2,v4,64,128,4,3,False,2.1238,64.71
2,v4_no_rescale,64,64,4,3,False,2.0101,68.37
2,v4_no_rescale,64,32,4,3,True,1.0849,63.34
2,v4_no_rescale,64,64,4,3,True,1.0813,63.55
2,v4_no_rescale,64,32,4,2,False,2.0603,66.71
2,v4_no_rescale,64,64,4,2,False,2.0285,67.75
2,v4,64,64,4,2,False,2.0726,66.31
2,v4,64,128,4,3,True,1.1561,59.44
2,v4,64,64,4,3,False,2.0596,66.73
2,v4_no_rescale,64,128,4,3,False,2.0777,66.15
2,v4_no_rescale,64,64,4,2,True,1.0865,63.25
2,v4_no_rescale,64,128,4,2,True,1.0670,64.40
2,v4_no_rescale,64,32,4,2,True,1.0976,62.61
2,v4_no_rescale,64,32,4,3,False,2.0117,68.32
2,v4_no_rescale,64,128,4,2,False,2.0449,67.21
3,v4,64,32,4,3,True,1.0977,62.60
3,v4,64,128,4,3,True,1.1602,59.23
3,v4_no_rescale,64,32,4,2,True,1.1064,62.11
3,v4_no_rescale,64,64,4,2,False,2.0173,68.13
3,v4,64,32,4,2,False,2.0797,66.08
3,v4_no_rescale,64,128,4,3,True,1.1551,59.49
3,v4_no_rescale,64,64,4,2,True,1.0895,63.07
3,v4_no_rescale,64,64,4,3,False,2.0050,68.55
3,v4,64,128,4,3,False,2.1432,64.13
3,v4_no_rescale,64,32,4,2,False,2.0500,67.04
3,v4_no_rescale,64,128,4,2,False,2.0204,68.03
3,v4_no_rescale,64,64,4,3,True,1.0737,64.00
3,v4,64,32,4,3,False,2.0767,66.18
3,v4,64,64,4,3,True,1.0824,63.49
3,v4_no_rescale,64,128,4,2,True,1.0670,64.40
3,v4_no_rescale,64,32,4,3,False,2.0280,67.77
3,v4,64,32,4,2,True,1.1016,62.38
3,v4,64,128,4,2,False,1.9670,69.87
3,v4,64,64,4,2,False,2.0598,66.72
3,v4_no_rescale,64,32,4,3,True,1.0886,63.13
3,v4,64,128,4,2,True,1.0865,63.25
3,v4,64,64,4,3,False,2.0768,66.18
3,v4_no_rescale,64,128,4,3,False,2.0920,65.70
3,v4,64,64,4,2,True,1.0813,63.55
4,v4,64,64,4,2,True,1.0844,63.37
4,v4_no_rescale,64,128,4,2,False,2.0337,67.58
4,v4,64,128,4,2,True,1.0828,63.46
4,v4_no_rescale,64,128,4,2,True,1.0651,64.52
4,v4_no_rescale,64,64,4,3,True,1.0793,63.67
4,v4,64,128,4,3,True,1.1567,59.41
4,v4,64,32,4,2,True,1.0977,62.60
4,v4_no_rescale,64,128,4,3,True,1.1551,59.49
4,v4_no_rescale,64,128,4,3,False,2.0910,65.73
4,v4,64,64,4,3,True,1.0854,63.31
4,v4,64,64,4,3,False,2.0574,66.80
4,v4_no_rescale,64,32,4,3,True,1.0854,63.31
4,v4,64,64,4,2,False,2.0818,66.02
4,v4,64,128,4,3,False,2.1535,63.82
4,v4_no_rescale,64,64,4,2,True,1.0860,63.28
4,v4,64,32,4,3,True,1.0967,62.66
4,v4,64,128,4,2,False,1.9866,69.18
4,v4_no_rescale,64,32,4,2,True,1.1064,62.11
4,v4,64,32,4,2,False,2.0972,65.54
4,v4_no_rescale,64,32,4,3,False,2.0101,68.37
4,v4,64,32,4,3,False,2.2004,62.46
4,v4_no_rescale,64,64,4,2,False,2.0265,67.82
4,v4_no_rescale,64,32,4,2,False,2.0521,66.97
4,v4_no_rescale,64,64,4,3,False,2.0081,68.44
5,v4_no_rescale,64,32,4,2,False,2.2252,61.77
5,v4,64,128,4,3,False,2.1328,64.44
5,v4,64,64,4,3,True,1.0775,63.77
5,v4_no_rescale,64,64,4,2,False,2.0152,68.20
5,v4,64,32,4,2,False,2.2467,61.17
5,v4,64,64,4,3,False,2.0716,66.35
5,v4_no_rescale,64,64,4,3,True,1.0796,63.65
5,v4,64,64,4,2,False,2.0593,66.74
5,v4,64,32,4,2,True,1.1069,62.08
5,v4_no_rescale,64,128,4,2,True,1.0650,64.53
5,v4_no_rescale,64,64,4,3,False,1.9948,68.90
5,v4,64,128,4,3,True,1.1571,59.39
5,v4,64,32,4,3,True,1.0884,63.14
5,v4,64,128,4,2,True,1.0813,63.55
5,v4_no_rescale,64,32,4,2,True,1.1018,62.37
5,v4_no_rescale,64,128,4,2,False,2.0321,67.63
5,v4_no_rescale,64,128,4,3,True,1.1571,59.39
5,v4_no_rescale,64,64,4,2,True,1.0875,63.19
5,v4,64,64,4,2,True,1.0875,63.19
5,v4,64,128,4,2,False,1.9876,69.15
5,v4,64,32,4,3,False,2.0511,67.01
5,v4_no_rescale,64,32,4,3,True,1.0878,63.17
5,v4_no_rescale,64,128,4,3,False,2.0905,65.75
5,v4_no_rescale,64,32,4,3,False,2.0326,67.62
6,v4,64,32,4,3,False,2.0623,66.64
6,v4,64,128,4,2,True,1.0926,62.89
6,v4_no_rescale,64,128,4,2,True,1.0680,64.34
6,v4_no_rescale,64,128,4,3,False,2.0797,66.08
6,v4_no_rescale,64,32,4,2,True,1.1049,62.20
6,v4_no_rescale,64,128,4,3,True,1.1551,59.49
6,v4_no_rescale,64,64,4,3,False,1.9898,69.07
6,v4,64,128,4,2,False,1.9640,69.98
6,v4_no_rescale,64,64,4,3,True,1.0809,63.57
6,v4_no_rescale,64,64,4,2,False,2.0306,67.68
6,v4,64,64,4,2,False,2.0851,65.91
6,v4_no_rescale,64,64,4,2,True,1.0916,62.95
6,v4_no_rescale,64,32,4,3,False,2.0275,67.79
6,v4,64,32,4,3,True,1.0947,62.78
6,v4,64,64,4,3,False,2.0683,66.45
6,v4,64,128,4,3,True,1.1566,59.41
6,v4_no_rescale,64,32,4,3,True,1.0831,63.45
6,v4,64,32,4,2,False,2.1033,65.34
6,v4_no_rescale,64,32,4,2,False,2.0700,66.40
6,v4,64,128,4,3,False,2.1434,64.12
6,v4,64,32,4,2,True,1.0967,62.66
6,v4_no_rescale,64,128,4,2,False,2.0316,67.65
6,v4,64,64,4,3,True,1.0885,63.13
6,v4,64,64,4,2,True,1.0865,63.25
7,v4_no_rescale,64,128,4,3,True,1.1551,59.49
7,v4_no_rescale,64,32,4,2,False,2.0521,66.97
7,v4,64,64,4,3,True,1.0849,63.34
7,v4,64,128,4,3,True,1.1612,59.18
7,v4,64,128,4,2,False,2.0019,68.65
7,v4,64,64,4,3,False,2.0593,66.74
7,v4,64,64,4,2,True,1.0803,63.61
7,v4_no_rescale,64,128,4,2,False,2.0321,67.63
7,v4_no_rescale,64,64,4,3,False,1.9948,68.90
7,v4,64,128,4,3,False,2.1504,63.91
7,v4,64,32,4,3,True,1.1172,61.51
7,v4_no_rescale,64,32,4,3,True,1.0901,63.04
7,v4_no_rescale,64,64,4,3,True,1.0803,63.61
7,v4,64,32,4,3,False,2.0832,65.97
7,v4_no_rescale,64,64,4,2,False,2.0342,67.56
7,v4_no_rescale,64,64,4,2,True,1.0870,63.22
7,v4_no_rescale,64,128,4,3,False,2.0951,65.60
7,v4,64,32,4,2,False,2.1084,65.19
7,v4_no_rescale,64,128,4,2,True,1.0742,63.97
7,v4,64,128,4,2,True,1.0934,62.85
7,v4,64,32,4,2,True,1.1028,62.31
7,v4_no_rescale,64,32,4,3,False,2.0204,68.03
7,v4_no_rescale,64,32,4,2,True,1.1131,61.74
7,v4,64,64,4,2,False,2.0690,66.43
8,v4,64,32,4,2,False,2.1047,65.30
8,v4,64,128,4,3,False,2.1540,63.81
8,v4_no_rescale,64,128,4,3,False,2.1084,65.19
8,v4_no_rescale,64,128,4,2,True,1.0696,64.25
8,v4,64,64,4,3,False,2.0582,66.78
8,v4_no_rescale,64,32,4,2,True,1.1151,61.62
8,v4_no_rescale,64,64,4,2,False,2.0408,67.34
8,v4,64,32,4,3,False,2.1012,65.41
8,v4_no_rescale,64,64,4,2,True,1.0900,63.04
8,v4_no_rescale,64,128,4,3,True,1.1571,59.39
8,v4,64,32,4,3,True,1.0919,62.94
8,v4,64,128,4,2,True,1.0879,63.17
8,v4,64,128,4,3,True,1.1592,59.28
8,v4_no_rescale,64,64,4,3,False,2.0122,68.30
8,v4_no_rescale,64,32,4,3,False,2.0473,67.13
8,v4,64,64,4,2,False,2.0727,66.31
8,v4,64,32,4,2,True,1.1105,61.88
8,v4,64,64,4,3,True,1.0834,63.43
8,v4_no_rescale,64,32,4,2,False,2.0603,66.71
8,v4,64,64,4,2,True,1.0865,63.25
8,v4,64,128,4,2,False,2.0101,68.37
8,v4_no_rescale,64,64,4,3,True,1.0856,63.30
8,v4_no_rescale,64,32,4,3,True,1.0895,63.07
8,v4_no_rescale,64,128,4,2,False,2.0342,67.56
9,v4,64,32,4,3,False,2.0660,66.52
9,v4_no_rescale,64,128,4,3,False,2.1485,63.97
9,v4,64,32,4,2,True,1.1049,62.20
9,v4_no_rescale,64,32,4,3,True,1.1008,62.43
9,v4_no_rescale,64,128,4,2,True,1.0660,64.47
9,v4_no_rescale,64,64,4,3,True,1.0854,63.31
9,v4,64,128,4,3,True,1.1612,59.18
9,v4_no_rescale,64,64,4,2,False,2.0429,67.28
9,v4,64,64,4,3,True,1.0803,63.61
9,v4_no_rescale,64,64,4,3,False,2.0132,68.27
9,v4,64,128,4,2,False,1.9860,69.20
9,v4_no_rescale,64,32,4,2,False,2.0685,66.44
9,v4,64,128,4,3,False,2.1581,63.69
9,v4_no_rescale,64,128,4,3,True,1.1620,59.14
9,v4,64,64,4,2,False,2.0582,66.77
9,v4_no_rescale,64,128,4,2,False,2.0333,67.59
9,v4,64,32,4,3,True,1.1008,62.43
9,v4,64,32,4,2,False,2.1054,65.28
9,v4_no_rescale,64,32,4,2,True,1.1059,62.14
9,v4,64,64,4,3,False,2.0818,66.02
9,v4_no_rescale,64,64,4,2,True,1.0935,62.85
9,v4,64,128,4,2,True,1.0875,63.19
9,v4,64,64,4,2,True,1.0875,63.19
9,v4_no_rescale,64,32,4,3,False,2.0285,67.75
